x1,x2
1.2988925281334551,0.3716716609940354
0.6036534079762955,0.6580552605128486
0.6754869124536854,0.3666620851480693
-0.11716649664748992,-2.6335487200041587
-0.11646769551974648,-1.0008006552750264
-0.8382632112531916,-1.656689291175004
-0.39381026639737365,-0.5651319180847022
-0.48281129790309985,0.3936818577746708
0.2372824635839425,0.3156741777425666
0.8860382362211722,0.6144514366646023
-0.4470846736028207,0.2936741521913513
0.9778617433312617,-1.2347636196168823
1.6624864912696697,-0.015280964032820163
1.1812370145785345,-1.9065672349859135
0.3588024241806535,0.19922536531623633
2.571416122503174,0.19676469283212641
1.44662253378216,0.4588922726007951
-0.4944604235106727,-0.698654778793364
0.7114519505163494,-1.2732628438222808
0.7260125763347975,-1.6281075396611298
-0.29877618357013025,0.48882964513304533
-0.03394137035266146,-0.46261355391998804
1.7046332253540961,-0.597962871499603
0.9431065406761978,-2.1228969657061487
0.5542609734522278,1.7184902846885444
-0.2581849757814693,1.8475643210734276
-0.4857071634155494,-1.1981597382896996
-0.01724629135140025,-0.025642161651252247
-0.8680029446473658,0.7567789446381459
0.2279212558101233,0.6131241225206447
1.815578469767166,0.28293060280967874
-0.3771475929692672,-0.765385262485756
-0.40267698024329235,-0.4363188852001238
0.5451513226314798,-0.6998263268716364
1.5607829784364784,0.13887336333261358
0.5721150459127243,0.7541184362464843
1.1680244628133774,-0.35635732285045374
0.3873081248896137,-0.9934756495573743
0.05636169636097295,1.6238848355487139
1.0523999257246497,0.4882459106891043
-0.1890312556917991,2.0132728786806586
0.5922642592333889,-1.9440518374229985
0.20543835262020554,1.341136478463578
-0.4491186336866708,0.6455559235336494
-0.35671140938786966,0.3671342156784705
-0.5394303051574486,-0.5664138216953081
1.1511711519719319,-1.1254686625113957
0.1930248144125297,0.20029478729736502
0.745102511456654,1.0926815254417057
0.8984092343583058,-1.1001057064918571
1.4052562330775433,-1.1385094292477964
1.9608131007577778,-0.9388150949685498
1.8175437763264788,-2.154859314243916
0.07913896036195923,0.38216586304305866
-0.6852689351364287,0.5808198356161183
0.2544984593099348,-0.1711581633225849
0.7923055599411813,1.248799374336315
-0.05023990333212898,-1.0138453698761842
1.0039375031977116,-0.16587759667973193
1.0936317161634712,1.075301172644743
1.3085817872397831,-2.115598876123302
0.42858543376100494,-0.9073924982796079
2.316518841912649,-0.10665774065532012
1.6972634150988672,0.12999686780568068
1.0536751399329056,-0.9393041539505963
-0.020441289428735885,0.889784938306843
-0.15357029451460347,0.05383677312640976
2.021002482112788,-0.12551174894582637
-0.5792084982408237,0.909800812088568
0.14873358403201692,0.08621260762123557
2.219351142350773,0.11571699207132294
0.49266075063503334,0.04920201424919021
1.5544728940082861,-0.040981547491115544
0.39004842372905696,0.9975780406897351
-0.7516681772999287,-0.5187713159300144
-0.3173931778868363,-2.1518857208207085
-0.01286178316345862,-0.9520689046180616
0.16819985407238988,1.3580233111947095
-0.7753882962093135,0.023331434095482866
0.09149748260128257,-0.46936789617161
0.6906753126602755,0.1829651518561932
0.22317199090929302,1.6468699634171455
0.6125600825531309,0.5134987731583665
-0.7229141172487269,-1.2978949423091943
0.16474156552530048,0.6520947083484047
-0.8295637396286318,-0.0519058950559898
3.109839566296183,0.9528147399283194
1.9368709575791057,0.12339701841987971
0.3766479681533677,-0.9027209378052948
0.5888149066941089,0.44830160980138517
0.8646097312621701,1.3320940723964745
0.6563422771403472,-0.4654487916485907
0.9514869448138786,-0.7579954109159164
0.019289585787697894,-0.17604430303403937
0.0451899684646852,0.43636180954696263
1.2142001340715394,0.08470902555570767
1.3485587053120478,-0.7098298549149884
-0.5587912734779136,-0.6084034590880602
-0.694847965219518,-0.4919618891291401
0.44677610027050935,-0.4456010301851056
-0.5058241629624445,0.5901679661498429
0.9007543399507927,0.05282604640114345
-0.3355594288124112,-1.0868532172400533
1.4546451830813416,-0.07231174471863998
0.9449584972112111,1.1061205195567099
0.3179313177626959,-1.4869287595016545
-0.35020709224745644,0.6562212292613279
0.30906437340427584,-0.3680062416178242
0.9509139737677382,1.4951161067858105
-0.81132834175548,-0.18272251811927406
0.9362946995148588,0.02814904322280023
0.6385530226015765,-1.5464912916986242
1.9374901486673368,-0.13814922154702983
2.027264849065067,0.3726274172149607
-0.013218775182098635,0.9895442595296499
-0.9351258487607932,-0.7500168507632146
2.4829249402896227,-0.7239257897785322
-0.7532553839644619,1.1650984361263923
2.3044968186106107,0.019512926418736674
-0.22378790181125993,0.3745034309848496
0.81194601784132,1.1181346493506308
0.1258846656585687,-0.9702334347928143
-0.20359171974918538,-0.3074285310885757
-0.4227954631176074,-0.7612702075573372
-0.901048193982483,-2.0913969921497975
2.4587119269736464,-1.0975578995415394
-0.9854434383578405,0.639949614976226
0.51425094313241,-0.23876427169757583
1.8917381425178827,0.34316986251131437
-0.5345365863662727,0.41792882905542256
1.911420977650381,-0.5250439334989422
-0.9954021821331922,1.9083638748884435
-0.5229768121265195,0.008380149152486228
0.28159679952599354,0.9734398906047279
0.7718277966767586,-0.3508248609643486
2.7937533265090413,-0.5895379188837581
-0.03614039934790161,0.2620022554142795
0.588863094161078,-0.2015774100246244
1.8406766548024307,-0.8226532291011805
0.5232925953784696,0.018196026146203553
0.5040866763622194,-0.31528512706796247
0.11228643089220018,0.5197862938391441
0.956362791230288,-1.727873614445913
-0.3422390671861976,0.4343520618476042
1.6415515262136953,-0.32573743928751414
-0.25432176392059913,-0.7469598929871726
2.139819100575613,-0.4739328246472376
0.7167394557984429,-0.29832766497575713
-0.8202420746872798,2.1275898346622593
2.0554521081043884,-0.1295461777879248
2.7659930850841628,-0.34224223875365845
-0.7397767320128222,0.017494336001607293
1.2160907460930863,1.710386712469525
-0.05887436820289264,-0.14860467010007333
-0.09875752780601586,0.37368427996238507
-0.6885928595451968,0.7958086159154709
-0.5115865094467681,0.12898825020675384
0.28890478014223064,1.2643066188846668
-0.7574062358771823,-1.0932431430781149
-0.1983312136636788,-0.3703712430108502
-0.4772054340874263,0.5090603470849453
-0.2643442350838708,-0.22484644709208867
1.4446083166735009,-0.19710590734980543
-0.6700827559171523,-0.6611338339652767
-0.41034283637996505,-1.3418076864291617
1.6423049247152208,-0.13256923314870267
-0.5696713151580004,-0.5906957399523469
0.15875019381874303,1.7407326089543598
-0.7132511464725545,-0.03613980543422758
1.3998676167412156,0.1513813691177705
-0.4669249912268275,0.3103148198559689
0.1993504102989691,-0.9443428758618254
0.7891907771784843,-1.3442639873451978
-0.3886336770265191,2.612510078604127
-0.5434183675392436,0.6928093228556527
-0.23034750562594436,0.0014027989481913547
1.723507740621569,-0.23704410117119087
1.6963896277156103,0.26198774548666937
-0.11808991599262321,-0.592776363639157
0.566580610867537,-0.9954151537774958
2.070875914334705,-0.4379839810500142
-0.5142020451658699,-0.4971181680348182
-0.5899819890787925,0.49410286943036386
0.37340703595171226,2.864133831989031
0.7860269956889538,-0.6405301066108279
-0.5816541587268609,-0.5285107503031938
1.670582041262614,-0.011164705939325132
0.3762785560575731,0.003456129962112343
-0.3392169859245886,1.017377377283933
0.6852856579830534,-0.24321854244943963
0.6775542386436606,-0.574288664675268
1.7522933424568576,0.13330600012642102
2.031736640523482,-0.2830069278348599
0.1881000038790653,0.5780311839548784
0.724981167989211,0.981938370022431
0.43006817698533434,0.6878490104154059
0.2844985229949662,-0.3042266795415052
1.386086468745833,0.4067940894291048
0.08941418824877553,-0.8787934342488616
0.39602914235597964,-0.17380593773345002
0.1804341878222894,0.8722706925426703
-0.13379321369320285,0.6628548389003749
1.2838555535565885,0.20953339955680153
0.46641957256058236,-0.7432332912834414
1.164431268335966,2.1701001597317915
1.3074984109915722,-0.1772161003075877
-0.9863046929875776,-0.1049032261287975
-0.13350814985336948,0.2381957376538929
0.2968394106653486,-0.46060278786792686
1.24048207577074,0.6878582337707513
-0.8672889841987429,-0.6325138964760234
1.9665126588963586,0.37202689264703853
0.07739732418296832,-1.2597820103568254
-0.6969384609253775,1.46000748221678
0.0409720519345287,-0.08517077623127074
0.35789653743708494,-0.5311889897007305
0.7433900222251312,0.025042811298608292
-0.8493699113118945,0.364003766240718
-0.3631933402148928,1.1485199289782724
0.15808065028731397,-0.9520489512961691
0.24528882941846683,1.5582475846421826
-0.47420487292761304,1.6057875049162604
0.44728628417163363,-0.4097021178342432
1.0824188165592032,-1.6821369894631122
0.4250619527505262,-0.93771920714831
-0.7022774195701216,1.139700707030251
1.7095237125300748,-0.5141892807256775
0.49172468824400556,-1.7633328419151815
1.7513567684984284,-0.06211411483973318
-0.2962403124381922,-0.4960161535184424
-0.41925022318648947,-1.0577872262370538
0.42105280838580156,-0.1701747314365312
0.3050719602614313,1.176311058159493
0.09996301962233985,-1.3159023013776188
0.020326345166804212,0.457705516818962
1.8210980795042109,-0.14341475030036288
-0.7326712735059275,0.017235761077988302
-0.41383262011943595,-1.3767283530877936
0.3684640735387387,-0.2198521265684689
1.654192300878512,-1.008869150388575
2.4092745665818107,0.35988444646818496
1.9070060144768988,-0.6798090238914919
0.30578220719164795,-0.03800511357218858
0.25810596281654585,0.9296930175146347
-0.10079979391395347,-1.803383443839115
1.4254139877627314,-0.24244515703670094
1.105947907258387,-0.572725904025288
-0.23613068200293666,-1.071741808076964
2.3071735276909533,0.1634033779610834
-0.7084990979881126,-0.25591741213084346
0.20268661253925663,0.21789709329530466
1.4031769435460437,-0.6491038826969865
2.097124562101007,0.12171814928293767
-0.13387920385678861,-0.2643076337830514
0.539364737724666,-0.2426384875100047
1.262115721469981,1.0835656047872744
0.5089257871882187,-0.2376424639570593
0.7624387259301518,-0.5238609864266415
-0.04120087383737997,0.7176727637795196
1.780554563201662,-0.07129708794830726
0.19066424182302913,0.3773880637932296
1.6492304500201111,-0.379721900020933
-0.797265322478911,-1.3143729920021918
-0.27993693442994044,-0.47264385553711313
1.2959119178579301,-0.427849749061085
1.3518245307029308,-0.21930172894879457
1.0022842998674224,-0.14235491338522946
1.0667260508070715,0.2147415735794587
0.4403861756135383,1.846369474834659
0.011980560337233815,0.11987181428109875
-0.796611923361111,-1.4411991003903617
-0.35762837078660814,-1.0214607058426768
1.165978786612081,0.15813431793262092
0.32996205325230643,2.5545503580158573
0.23219772627926857,1.382788488368226
2.2508648211896953,0.2809622246073774
-0.004911320609221607,0.2187090445769039
-0.007196280293814898,-0.9748837879381924
0.706659078272877,1.2357807231077251
1.0636060242266403,0.7437600438215808
1.7222265706888327,-0.10531540764208003
0.49603580248325857,-0.16206959195626777
-0.016994215500210838,-0.8115835549152461
0.08126593197882197,1.6052253079994456
-0.003987226787133861,0.18528686266761193
0.320775015126785,-0.4786003070029455
-0.11359958269770787,0.018481666482038132
0.5192444909273519,0.11077848569822393
-0.08448314702147908,-0.22472205848706647
-0.3526202144002483,-0.2938396179670422
-0.2597066881591542,-0.604103425163194
2.5508235947152413,0.090792679627686
1.146921997067818,1.253765356175785
-0.36526712045814236,0.922655124614214
0.36047225696956864,-0.639220450165383
-0.24907664388620102,-0.4354923507149114
2.1944839545807535,0.3551394045383838
0.6998257974178672,1.1407164216441525
-0.10635531401571793,-0.9344690748079085
1.1870904708026102,-0.13377500559855524
-0.8867819488871125,1.5823720926134608
1.0740435764294416,-2.991881629180395
-0.6108707657967947,-0.4880443279901858
2.4348479397976037,-0.12596649038545044
1.7662293064941426,0.801990923061371
0.5734512157806183,-1.5668519593243129
-0.22765266127314532,1.4540570652825435
-0.018043815034228257,0.8231745280089429
0.17733409432027294,-1.737494944528427
2.9432193291199904,-0.23038848779879728
-0.4696378888253618,0.3756633160222256
0.6269761567602471,0.32631207456056704
1.7999879894216093,0.09141697585565818
0.8640672074733541,1.8279923553236754
-0.7124934849125596,0.47431787038409645
0.5956886698367266,-0.2491462088453
0.596736185262778,-0.37062946262409446
-0.3706286796193291,-0.9592443896822177
0.052060249571205836,-0.4692951202158812
0.9547885853489577,-2.688492335564091
-0.7220192129307871,0.7990951654481164
1.1205108799185644,-0.6758223438566556
-0.824661173676776,-0.029899830001769337
-0.31274045290048824,0.6709044123690276
0.3653110637457141,0.5720702933910227
0.48057954992728724,-1.062992239288377
0.17459886866351018,0.2040492138342305
-0.3542807729865498,-0.43141534717677876
0.040106448722726895,0.3136968684923562
1.8648961393253645,-0.21266164699098053
0.47011316214380516,0.7731727622732204
0.07457634423215007,-0.2858873780689417
0.5172431217460159,1.1428125477248186
0.3567751999686704,-2.154766474654819
0.3132302944621623,-1.7547753041178673
-0.38373146013714443,-1.5943301793648346
-0.4644038701383381,-0.11753556990508818
-0.4228905781419937,-0.6668996556863132
-0.44637486243071667,-0.9849373825614577
0.6658961296725445,0.5370710953792124
-0.48979201699251007,-0.7896985053059453
1.2470434593243198,0.4243499379700964
0.08393512116297489,-0.11093979016155842
-0.5917500852260323,-0.1980582006129324
1.6094334736303813,-0.1890737648352675
0.2699671490089669,0.21093584974456853
2.034574335589326,-0.25806433301732123
-0.9801320528647293,0.8485402938386489
0.5305099842940919,0.3163826678455546
2.1876107838334256,0.42437920866764717
0.6698077898342721,0.41407178395914784
1.0660075374207092,0.09055062204025577
0.9772772554210981,0.3288400384237193
0.857903522048965,-1.0467016646798089
1.8116758620536797,-0.18869981140575898
-0.7736620825545578,0.47325886682936974
-0.5533666634077,1.210166132930884
-0.6233016493544233,0.2967751187801163
1.0773153371099233,-0.17910699055733478
0.8998619862761709,-0.6230198451796644
2.401071115423147,0.05307436979096848
-0.23676795830701458,-1.0785640239196268
0.2222439738795875,0.33614749464274035
0.13865038697371562,1.4726366701268332
-0.31657892828642126,0.3575698484566765
0.34483058286246476,0.23143333518416423
-0.3326771226226689,0.9175527349574144
0.7034039166994585,0.00037085504832332425
0.24391217274544447,-0.6534071450458249
-0.8689882868779574,-0.24756094926893843
1.6585393918178668,0.4790346020834323
-0.30192672301167295,-1.1388879411588342
-0.7765583819045065,0.8636365303917011
-0.927909817164967,0.22046763286110088
0.8627526361888787,-1.2393780973756632
-0.07776680353964628,0.9687910378098797
2.423693788441978,-0.27032781759978475
-0.9415589519435076,0.6390776070355247
1.0572366334995025,0.09228052615104783
1.644027839962159,-0.23124503526597723
0.038174622885800494,1.0802438727955501
-0.5794667865707518,0.7723172832272522
2.1543515878806776,0.37389228372317695
2.260426272313776,-0.11348208821238771
0.7756883970523805,0.9781492347680062
3.135000433432052,1.204331127342055
0.47535987071154007,-0.9700894037526033
2.069100903115119,-0.24783942983559662
-0.44531509497689964,0.7297975528194305
0.4269850965565292,1.061578905076088
0.1358905617027996,1.7930158060104056
0.07296694551937748,1.1741546286221942
-0.13181161374764952,-0.6069005100416608
0.9656014509075125,1.2787442455673232
1.474549263763039,0.9782732045114654
1.0503824629686933,-2.411708499968655
-0.057757579187181725,0.7611688065899503
0.5381185259412925,1.8046730236909183
-0.9856237643059337,-1.2268677173268114
-0.9878003009886108,-1.9948308118340443
-0.45325576832338316,0.17058504507042638
-0.3617955991078392,-0.039780449516837534
-0.44986373882927416,-0.3542694263795559
-0.2165877746835126,-1.9096928220491216
-0.7726534652981805,1.2745625871497628
0.7081141052566657,-0.27837934220511823
-0.08143317401106771,-0.12754416757159362
0.4156548676486134,-1.5311416039190293
2.159553655859145,-0.312109382076073
2.009927010735702,0.15998608409296047
1.6410436831063706,-0.8530468175747339
-0.7734276499163176,-0.39744740949411705
-0.6478609321183191,1.4865896830051937
1.6991790179086546,-0.14100822447012254
0.01064030004655003,0.19168115132630398
1.2511308948997923,1.1890206810526518
0.8802378541358407,-1.6302470534627536
0.8843504898877494,-0.8075244621305718
-0.32893341933405157,0.43779054349441604
0.39831032177419284,-0.04322665153635073
0.33982885787417794,0.021683545968830747
1.4432391030535003,-0.6747849314863668
0.43640355469295156,-1.3362396917731076
0.7920751704715655,-0.1491194047412836
0.7214980450515419,-0.3459382978833585
0.1833934705818331,-0.5436035570523668
0.13465678926270347,-0.4169805261906839
0.3958967736245454,0.6711782734081608
0.5763266337141255,-0.41412047524956536
-0.8977541210369393,-0.33342507030728685
0.11148997558655106,-0.12868686594293272
1.712879478803981,-0.1274496081548415
2.3716660964570866,-0.38619141976334903
-0.42103688424063024,0.39950050361817796
0.44638188299954423,0.47521024599088957
-0.4088187852471404,0.8064597156544199
-0.21256233180149597,1.7761364678433549
0.22155686366606042,-0.33257199209861804
0.8641207702712728,0.6840262621279343
-0.3149868880648749,-0.6188389630858017
0.5491068909483079,0.08693805780365535
-0.3859550009347087,1.303976828569136
-0.48476787217480993,-1.1688582376931729
0.6236196589955838,-0.9210620816751216
0.6391723893379718,0.25153093507982605
0.23333600311373032,-0.320873765031165
-0.6935347255446295,1.1914846768056289
-0.19080991154725843,0.30846911204001476
2.032174036477661,0.08169268310788183
1.0486052011464897,-0.0006097083141238173
-0.8392081173574361,0.39503447350137655
0.8213414549566119,0.47145608910777465
-0.4760977220274072,0.42746163429187495
-0.2732241680562096,-0.4746960938784669
0.0094176296802462,-0.11942430493361383
-0.5300441814234146,1.7838107921146997
0.3704274286451633,1.5743117543076106
-0.27472650638547536,1.9305537718973897
-0.039692146932669016,-0.7301817750938863
-0.7291216345538516,2.032924744125734
0.8336316393650722,-0.14872868410795848
-0.7041149181856546,1.3319588153091777
-0.9900964445562532,-0.18811224466465043
-0.026872839817235702,-1.1690177256697747
-0.27744678173167847,-1.666120225556397
0.8665463383987947,-0.8848787193247973
-0.745597994368743,0.15507410774595826
-0.1305097804613389,0.34244388676345094
0.11648723906546281,-0.32107590816238313
2.0747439676413166,-0.2229591203694135
0.194015618502255,0.7084180518862488
0.821441290463206,0.37359872067142225
-0.8778490177235896,0.8261594108859542
1.183463400970962,-0.6067483769000992
0.12585344413585356,-0.4603685254559917
0.2547022937253663,0.012685845250860651
-0.7515756787881359,-0.2573289962796596
0.91059000257493,0.5356366818245781
0.29746730678450356,0.5341020352825934
1.4803430661880115,-0.2562075064866205
0.42134980145921175,-1.783096087567806
-0.7636669423854591,-0.9315104596207886
1.2098079655990996,2.501041380603611
-0.4561609502762877,-0.360016767737292
0.4933548344269695,-0.41526347412273634
0.5620043740278075,0.8306322719420001
-0.3191845082750597,2.321631166083937
0.5334026379659292,-1.895760573126044
0.02725781577658125,-0.34688183689685176
-0.9111899841137892,0.7778597146431729
1.3237168995552135,0.6012887228256913
-0.46143150822290757,-0.9423947990009618
2.8542836600098784,0.4130370499192352
1.1202603076609179,1.194130715092337
2.040109852563697,0.11832535628287805
-0.4097675536255462,-1.5125892263392735
1.8357184972297045,0.5333145801202925
0.7324912380589729,-0.6797817413775081
-0.20224067172542637,-0.3262936662765723
1.6876337694503887,0.039744579925204505
-0.28953816311325165,0.08733564506684736
0.8509682911938012,-1.114661186276192
0.5777913185880127,0.8009020881303985
-0.026792134588298877,0.403258301853872
0.2410243546100824,0.6320874927226504
-0.35040097554742217,0.4827576471108388
-0.8909025064902665,-0.14865497481492776
-0.5726785326569689,1.0874744495846809
-0.6476510628937147,1.8292012986326964
2.0564919266573014,0.4038615143510518
-0.23682750977772568,-0.19289493890163661
0.4738768759750894,0.5109198758204694
0.5338848075427929,1.5096003048729325
0.3653391811310907,2.0992265741656535
0.6584785670886714,-0.6472238850085084
0.7628262761497405,-0.21141627132269233
0.2807011873194272,-0.20573295121554777
1.6674302259517833,0.274661706567147
1.8859240687141785,0.4863854822818433
0.8807435020468947,0.417538557857796
1.8515034690906667,0.125189643716216
-0.7696468215801471,0.20721210924763492
-0.33981808255053275,-0.20697661661597136
0.47280150707340385,0.030263569625830558
-0.23667279958596102,-1.0650829742392145
-0.34533506554559107,-0.6361922763523085
0.5465890821142315,-0.8164840266804289
0.054875739183565246,-0.27084771244554284
-0.2825996333826286,-1.2491469402136588
-0.4943029827223887,-1.4793281230844357
1.72199068905672,-0.24334067493014794
2.0978864103013484,-0.3827065005785706
-0.5852374847182762,2.245073296653192
1.9896512972612028,-1.3734954509801
1.368204753470572,0.6389894601697239
-0.13613897229068778,-1.101686520813782
1.5543422212293891,0.1587747193785725
0.5482575415626869,0.5208861762378115
-0.44276814336500275,0.3097303493110133
0.2052940534177968,1.6440133391390577
0.6421460084846379,-0.012397964119344884
1.718545603338792,-0.14696648893584352
1.084623262181175,0.4355640315655677
-0.3810815733949577,0.8708692435795092
0.3713555400190845,0.39731310957910965
-0.8240030670297169,-0.3283465008570996
0.21922116997495442,-1.9393842462005326
0.11440274639898475,0.5042019914583402
0.6241758834850196,0.24105087006631093
-0.9937484358306614,-0.8762144672438097
-0.9220869924396011,-2.027252172077124
-0.28015989332951013,-0.9181092185712691
0.21838878703557776,0.8353305683618147
0.5412545924724969,0.8244602964591756
0.34413473902971203,0.9118413505125306
0.43451459377445717,1.0236553483994948
0.2979137191658894,-0.41790262974218234
-0.46746218768369036,2.215997639373876
1.125531514679822,0.8534863055908302
1.4912793623865155,-1.6209498222991976
-0.5481888344721207,0.9761654097059027
-0.18234665695714614,-1.726476692402704
-0.8893248302432352,-0.8330451603080359
-0.4425867095641077,1.1331474526070962
1.4905082998560486,0.19086773503976806
-0.4995492224229033,0.7393903196739022
2.211766095725879,0.23421671355497747
-0.12204017633467086,0.8822997144203368
-0.3897171135573278,-0.10667172538234325
1.2255816388706613,0.1431357605106253
-0.8914462754670998,-0.09908415785042043
-0.6539807417253719,-0.6185848245912153
-0.31200111325887886,-0.3626358320709701
2.1391945959954777,-0.028997536957191615
1.1965233099505939,-0.17443211100805314
-0.19780375110840967,0.6017868841872904
-0.13864066594510444,0.5116169259218816
0.9406135097165631,-0.5997425087541485
-0.12814161378415193,-0.4695025271285133
-0.1952876131478178,0.16268487105937715
2.186058348848918,0.1410224742923906
1.107632380639822,-0.6559101959079272
0.271650173913319,-0.27823174185187793
1.1182667754365299,-2.0401083236525146
-0.13709369735326737,-1.0641231965355415
0.9142921417233816,-1.1396214719735807
0.8932509785133207,-0.8627648086739533
0.7314470812614742,1.526917850646852
1.1915657756568931,1.7704357817388703
-0.19823337904430402,0.4839253478325795
-0.36430839662728387,-1.4991823809582787
-0.4426972841974306,-0.07405344374393263
-0.9855186260004782,-1.0931604463071083
-0.40604160152212576,-0.25012768344985403
-0.4129671785177808,-1.4381365191142208
1.4037471370850225,1.2302152869322907
1.2043946574670756,-0.0018999579816886287
0.5640657818703989,1.4871272750998992
0.35950893625303004,0.6234698142025152
0.1591984578423623,-0.5044589790792668
-0.4521659573133804,-1.7214397372948158
-0.975756934460655,-0.33424572248554985
-0.7650645229510842,0.46514786258205076
0.6477504455131354,-0.6225562545783901
0.506522074101788,0.08052034118160502
-0.5080967064207338,0.8758240036623798
0.3866238517186043,0.4711696988927707
0.8676191316071834,-0.5984576706752021
-0.3911703754297639,1.4819134647412484
-0.3398492633152191,-0.6451750358708911
2.250959948674085,0.3956316465473904
-0.2437875914013257,-0.732238349819421
-0.7384909107373655,-0.23009969956128848
-0.8295534126569017,-1.5522518603919306
0.5029552654023182,-0.965189598359832
1.419120402738138,1.2315745082825882
0.8266467001936323,0.15934556141343606
1.2162337868635913,0.25439981442426823
0.5613403795281735,1.327332375333469
0.28118483337484773,1.6641748662273743
1.613102606512034,-0.11440600442349888
0.4644844714788149,1.4534024558330623
0.8576947557986931,-1.6842297552894365
0.007250033457717923,0.8268841561725225
1.3372593793079093,-0.48972417538658064
0.11199477350869907,-0.005808061495726101
-0.7232213245954053,0.15342957773431876
-0.4496032427191133,0.005951936252582143
0.4022591676070885,-1.3614585791616558
1.882480265504175,-0.46987735031377664
2.664288189857207,0.3750350156810141
0.8064093476176577,0.27995586905797076
0.12663412096466914,-0.512419257477
1.4134758831831438,0.8825956822243648
0.3277550442263617,-1.4339412779414276
0.5020424624467643,1.833837672224498
0.29693278222518094,0.008946686709153849
1.1372503933154408,-0.6931944630438764
1.0540300002561054,1.9582780391884542
-0.3779526819785646,-0.7134820470777508
-0.497656013561221,-0.17663139914561785
0.8596124796216676,0.194342165312265
0.6383640746447233,0.7528727169822629
1.021896839400153,0.39646119970076144
2.088425217870402,0.3344857774337843
-0.6817142190488064,-0.1952698598741202
0.3613785312980907,-0.24494697550366404
0.2284854578725656,0.9081265941970589
0.7050783864068657,-1.371390248182881
0.8805362758281754,0.5671329356084011
0.392071697154349,-0.5664027628260649
0.15628805289031103,1.2141544108660998
2.2392152891777446,-0.188334293016585
-0.6344747957443739,-1.101192333593581
1.631904035015011,-0.8704243885898025
2.0783231085583074,0.21778527044858928
0.3530709346400208,-0.9332443849222841
0.23509724039206834,1.365750081113626
-0.8311044401015623,-0.31056552197812226
0.9180026895563899,-0.11386341605524256
-0.6418636992976506,1.026044216870374
2.417209481977475,0.08706894010952693
-0.811582580138516,-0.36095621115946586
-0.22621987177383251,-0.03162517921043121
-0.9667410132815408,-0.44964798630019814
-0.44376909378469276,-0.7371382287815429
1.3005187767266932,-0.26960891647513024
-0.7550836631302845,0.0322525398803817
1.3725785420712993,0.2529806895174611
0.23167112203902437,-1.9495903676723503
0.06251984607485969,0.26716285417648594
-0.5537993720319644,0.5610169891768668
-0.054343735471205044,0.5567900185296946
2.0720735041326748,0.08069688517793933
0.23024894415528815,-0.8998721208233699
0.4437218151496906,-1.3851771757305118
0.1269354851554802,-0.17845978508917482
1.150547941078589,0.558698239899963
0.26847666223320465,-0.06126131406677044
-0.024365998732927902,-1.4148351041864136
2.119732917468223,0.17436573219906895
0.18082171484994528,1.482717846910853
0.9864379733689006,0.0030927673342693676
0.4373990544465961,-0.5438004059610319
-0.03669885718050718,0.8689478166131686
1.8232683060895356,-0.15744114344873103
0.012344488821320942,0.35122546206972877
-0.2737754737242348,0.7472233971620059
0.31026974678563235,-1.5487814665360105
1.8478058377516768,0.1245209012794839
-0.6361658954170418,-0.8471562319957636
-0.7828621419188909,0.8809152327191803
0.5131080381873228,-1.0661846396840498
-0.6031229404126204,1.9824361316591839
-0.03215409424684877,-1.3854109669255354
-0.11695838035572356,-2.703480813857339
-0.41087654695241,0.5965027678539627
0.22746052048378035,-0.7403329151660233
-0.20299040443457136,0.762571050404251
-0.35679278705434003,-0.9118970990688776
2.0185133386617733,0.1442266785662116
0.4630228391634863,0.9245316016781567
0.7068456312555582,0.009635786779934218
0.12635214356048471,-0.3469339400020577
-0.25616590927455607,-1.5257078878490358
-0.4461382329964202,1.2172697655478408
1.2578883195122441,0.5102741481077422
2.1622418892807285,1.5262547608615893
0.5086368035857544,-0.3586652867790334
2.108990651618329,-0.020335332344558435
-0.8131199084515627,-1.9609171376851013
-0.6500243308149571,-0.5374241226591253
1.6827029710588055,2.4180807537307443
0.34874708488780815,-0.011029918199710456
-0.20563356962412868,0.31441265788362227
1.9649457040313973,-0.027403373593885165
1.7210145019331962,0.2965602945497783
-0.23532026123663452,0.9505926747470066
-0.9071968753117912,-0.6875520593384878
-0.43588205384818574,1.64041339258632
-0.36553324846892815,-2.4650298400857493
0.4319875532630901,-0.8439147388684481
0.758343699358919,-1.3285246170665657
0.19628457535678218,0.7447711440668101
1.295534973719745,0.3449971917012382
-0.19820950840593124,-1.6718897686534582
1.6186811676185093,0.7302017339836494
-0.07259629015022559,-1.374169933279045
-0.5691132185766259,-0.5107451617867405
1.9428770115240923,-0.019725837564039624
-0.5307226591238233,0.3948848806428182
-0.9611116626484159,-0.9736454053528076
1.8339139443974635,0.1573689791370841
-0.5660247008831699,-0.3067298447539514
-0.5956844429192809,1.0273356116568977
0.3235560792158684,-2.0841663768518215
1.9756320903946083,2.8680793832446643
2.0963800610574506,0.03527772394115339
2.161099835681374,-0.05891610143596465
-0.5887002950232341,0.4394898536555354
1.3568062959020846,1.0658582612041976
0.047293059988492904,1.3844830588727135
1.4800311311159793,1.4068717598936324
0.565725490025874,0.08724731787724646
1.8888600780759806,1.3151707659118361
0.8053126617730797,-1.089295726350689
-0.7670648210379168,0.49200609469183954
1.3119260048122443,0.6740693671540712
-0.11363738947920932,0.47572192220730763
-0.7349285085262952,0.553704176091608
-0.5197781924279681,-0.33480776796707923
0.06369354715906823,-0.8579538366769175
-0.7459149524405284,1.3146190111727503
0.11365513115899997,1.4777918166094397
-0.9970849798321105,-2.027071087170282
0.5937691045936783,-1.0054919496512031
1.0519600169359422,-0.20517614258121247
-0.4949393529719616,1.4426117775440372
1.7880127677553814,0.6313371042030971
0.44927603993032844,0.684672737533246
0.2312711880810894,0.7199827670614317
0.11608664115283017,1.2234025947474887
-0.6539344825546083,-1.125637590778926
1.427033934852615,1.0269761524482288
0.02576266167713521,-0.9266672119485119
-0.48893643479604115,0.08601921310076505
0.731297223318461,0.22387667364596908
0.2572306720784309,0.377830912998446
1.6697981642593693,1.0602823220770754
0.8352779171445397,-1.4038043705954912
1.9008989478814315,1.167558321797167
0.1298878604322149,1.1214350221783151
1.9687707435856958,-0.09870441204107326
-0.22526856557991382,0.3412747024697026
0.44339321365505774,-0.1897448156334297
-0.05675764844595908,-0.18976430324563187
0.602175588765294,1.1992727585608027
-0.7343644700379299,-0.5282527408023017
1.4563778978824282,-0.8841598221464217
-0.08443884507343286,0.8915640763527881
0.8163159103918133,0.4276521814074137
1.7830917835112343,-0.5977428710685608
-0.8418747874333619,0.6869511448538671
0.5616160458255317,-0.8861156018104369
-0.12825306222695582,0.7707956509725687
2.5045362499603177,0.0335431664958177
-0.6338608465505428,0.36428434946313737
0.6530902554770529,0.34722564717627813
0.5563878434712072,0.7259173185419161
1.135461311554292,0.8444962814634922
0.6320192505932102,-1.4349824830737012
1.4702700107614841,1.2288239461366701
-0.8364278595069782,0.7593988411328358
0.1725903438781976,-0.5541205372176945
-0.548339504453817,0.04836419526446194
0.6785232142482782,-0.6033307546157899
2.158511639215809,-0.4366508208984699
0.6352913627983363,1.3858905038642693
-0.5985004818851115,-0.49175585594742766
1.50226029637251,0.0654300842203924
2.343924691160652,-0.012096165855438651
1.490192845829579,1.1614104349648262
1.1217936999057956,0.3604881967944672
1.0001154310590492,0.5003339023995353
1.069009734829297,-0.69738979481685
0.08594166315271153,-0.7353843156047998
0.5351135529398998,0.5513489082010092
1.5053661284830346,0.390919604516152
-0.4613330182094805,-0.29195118649518903
0.35411418508075276,0.45997664946955635
-0.05975763710959309,-0.37196103826664545
0.12975474806511883,-0.16333523791860802
0.2978274526704723,-1.74934309895563
1.646442503665209,0.10618089577105987
0.8785237382283203,1.920524314341059
-0.39541732412027086,-1.1286339960359542
2.3666818812842934,-0.3621396308291569
0.44502808947910877,-0.6591660235874496
2.0300844004535192,-0.40326241376318106
0.7078673524278591,0.1696625074060108
-0.2898954094944733,-0.8290806388137167
2.2626651630039216,-0.31793177029661135
2.0032077379033653,-0.18760873301468875
-0.8523701398398357,-0.9483443360000754
0.8273239396817955,-1.0085051423997824
-0.36234743208393116,0.19627436607251322
-0.6160105734341413,0.4999028478801757
1.2150751119174794,0.8876163041475809
-0.7055670043676824,2.2582727480135367
-0.46950806750734064,0.5706994692394206
-0.7956995881607307,0.09377941067757578
1.9680473985917517,-0.01853588509340688
-0.011411813828180736,0.38706545622633387
0.38584318974121967,-0.3722149995976119
0.650360098282638,-0.2828712639458414
-0.2304116107125424,-1.9183595796024888
-0.03609982254866204,0.09189408911619618
0.3496109068644428,1.0092595648813358
-0.3297369510374185,0.9105796870227971
-0.23846127768160608,-0.49568660292193284
0.2135228580733964,-0.17890000008867718
1.11705189274493,2.0620404634660994
-0.912284414004927,-0.34138339574738047
1.9454381745669618,0.11171958690827752
1.7359184137253467,-0.35052357874722573
0.17233070779776224,-2.5811424351588927
0.5955604350942879,-0.37627623112156605
-0.5418337783818827,0.26783849014808037
-0.03183832301875615,-0.6824030290906201
-0.10924892636977922,0.13051564369241514
-0.8319360292911504,1.0307093036705426
0.7756326129021417,0.19608101502525496
0.7454134534302941,-0.2959379883517632
0.7448834569378335,-0.11898103985018305
1.1192217763207597,-0.6153401622596125
0.25098791743179155,0.8520059247841008
1.9353502871624066,-0.3427185339112239
-0.2985068246963949,0.5773311470598047
0.16957361532966256,2.2971569507423943
0.2019279977089325,1.4944901360672544
-0.9733956877179144,1.6816473263631804
1.1574576516078703,1.3498705479777944
1.000596856993692,0.5796313974956755
-0.06448282109110175,-1.1719346866103428
0.26204857002755655,-0.7645075123602703
0.14567599339050397,0.14091030262913953
0.44484348872724283,-1.0169504710118777
-0.13727901213969043,-0.01502136137418108
-0.7944294454772111,-0.9007944690875179
-0.5087650067551938,0.4271675776222146
-0.2755772769909792,-0.43885407675466004
1.3050911765722926,0.04431803768001434
0.3296942099312626,-1.1033829830848547
1.117946586623153,-0.28097721401343057
1.3302264088093267,-0.25267792767663005
-0.09679581664923986,1.327490639233473
1.14759556709604,-2.326034039022346
-0.7527929293163649,-0.8544894531464423
-0.5613500018436063,-0.7889266931229199
-0.6518951246491281,-0.3086785728375591
1.3819150067959898,-0.17981193835354906
1.2497671872519973,-0.38044511937891123
-0.8293153071618212,-1.0748239221069475
-0.18426227951242605,-0.19318312708741547
-0.9858540018118126,0.21672114545448132
-0.15121408880645024,-0.541182253123414
0.4498867963109944,-0.5663712978587216
2.0939786955449757,-2.2582056217122943
0.7286754311483595,-0.3595150869041187
0.47496287406980403,-0.09573850505242378
-0.4666324811324009,1.3922590473878993
-0.5387672487745524,-2.6877165086046437
0.42231676128991186,1.8926032625982396
2.6497015326198263,0.07438154876451479
-0.007606329216753557,-0.18302778614539558
-0.07023280589937728,0.4256311495026257
1.1177317659393398,-0.0444694651757786
-0.14938327956364975,0.2551112784803091
-0.6375089038919077,-0.27265179068212997
-0.9437517177250574,-0.6776390783613996
-0.27659280614304493,1.4361391926027494
0.5556332947078851,1.334588289561579
0.30920201908688244,-0.9312637593663816
-0.9050542824676461,-0.40262797637855646
0.9066817043834934,-1.1642843065856483
0.011515954632406592,-0.16435833230589833
1.603658705894228,-0.25295397896345917
-0.16386876954987586,-0.1778211095630689
-0.8299098189718183,0.47059088382868375
0.30235816234734336,-0.4429911475656884
1.3770050627047756,0.4937514821047708
-0.8483181049069042,-0.85295858441382
-0.07144458924129007,1.1212972962275252
-0.1643000753759616,0.10939045066007633
2.351364316664589,-0.08823732514783068
1.7317321253716123,0.6185691312369538
-0.08046399934380899,-0.7692530457932861
-0.5207333926920892,0.8377373817177928
-0.8011876290334529,-0.9264145198587164
1.9597577036543063,-1.087642993149531
-0.797518755164916,-1.0496459833730731
0.5033454280299392,1.3551806523611885
0.4883429046144646,-0.7798095600374384
1.5875614348681797,-0.3594052229305513
-0.8087365639032336,-0.0316609861113689
-0.26560580859334953,0.2672274181681857
1.1833304008853294,0.42255940784039886
-0.5267077587008804,0.3797983706755557
-0.654698800349298,-0.3781591521897442
-0.430432948519239,-0.6774674453327272
-0.9439081143618775,0.2094437330924448
0.6727158355781049,0.9195263401746073
0.07821932288316039,-1.1958237414998611
0.843681809013407,-0.42946191084729063
0.236361052837865,-0.0037748095369168977
0.6851596474092028,-0.1481726507117623
-0.63580964051926,-0.5667137980626197
0.8096021768608226,0.26237756284129643
0.8780817601524892,-0.8603439342452365
2.5662644586790946,-0.1549250658291557
-0.3002637921669303,0.27227362929352644
-0.17498362751613217,0.017453588614596414
0.769544109438082,-0.14637286202251462
1.6926203600769492,0.6395742321566812
-0.8982788870441991,0.2422947034090144
0.0928656775219672,-0.673650301755552
-0.07069936595720148,1.3191774958338922
1.7612997327324094,1.3777886923971947
1.526883462411719,1.0532479671686101
0.3623919742621401,-0.7812158878784285
-0.7064278278695043,0.4761127689473064
0.5586020020505919,-1.08012278720652
-0.4265458399676673,-0.07013660249184822
2.087761128270347,0.28984586084812686
0.9376676165462282,-0.5017080262035533
1.534346646568879,0.4735270078156929
0.43456139530533044,-0.8181228248559154
1.29079681182427,0.5054403035774947
0.6634051382840017,-0.46804971922750843
1.3069002008798252,-0.0969467399791271
0.432468028967909,-0.480025503447525
0.5649646945777381,-1.22060406631106
1.1079730769890268,-1.2774910920233047
-0.3467885226490401,0.3969083147065367
0.6623276384414385,1.8881112843952579
0.3388949016002352,-0.6226896353232926
0.00836338020345232,-2.0308333952128335
0.6441323251798372,-0.4950795852587952
1.444067000647466,0.59007150471359
0.871568830017228,0.018802641310409655
0.40776467963110496,0.580216790416368
0.4846411827992023,-0.14158862629037147
0.30234934703869315,-0.2859379887713903
1.750099554610678,-0.11637250319837598
2.056928051687067,0.5782967737765401
1.4614599973577775,-0.13572580064940407
1.0393114452523555,0.22433174349540486
1.4609482724531389,-0.17935952073430783
0.28131710448270203,0.27676553847912044
-0.23842422513415665,-0.7830822703661162
0.36052624902809677,0.8314566496027537
1.3164539950386067,-0.16632556831593082
1.5907930432280764,-1.3259372112429033
0.014109575384231725,0.5162430614255673
-0.1649807489888607,-0.09335292943555436
1.3504600149202721,-0.002472132066271021
0.3926666426413446,0.12738040760011715
-0.40051627819741753,1.047300746353593
-0.7124858275914076,0.8931956100426987
-0.11764041852152722,1.0147639033551386
-0.2497693866040825,-0.6572782466324443
0.8588737404314697,0.7751363372706069
0.8626879457141365,0.5330712232223702
-0.03184184307239702,0.022833336337191278
0.7889140071294743,0.2784783235335281
0.30078577866425177,-0.08859307168687593
0.8650251703595628,0.5528154779212404
-0.7745857236042066,0.3906655155382912
-0.22849717572581196,0.09183417164158648
1.9695425827958248,0.2274131653052573
-0.11867563814814318,0.28099128686712926
0.6732959881820312,-0.23743854062389433
-0.5419302272741865,0.272639883620844
1.164698082563494,0.4054483474280608
1.898411617988967,-0.1913451816860371
1.186472712647613,-0.8940446772996438
-0.9273547265600838,1.6689844323311536
-0.032652975706236556,-1.294132024206284
0.9280972346070782,0.8083016155687037
-0.992589202877862,0.516136846533324
0.851171469887757,-1.7430482072297033
0.7467849650138375,-0.42453136825229454
0.1954965620837841,-0.49779959718439587
1.7940632359822013,0.04709359442670013
-0.11885546770145582,-0.23192133715199809
2.1400867186430914,0.1789978159004243
1.7448244584153207,-1.447494234825699
0.6716091385317589,0.3454886197007208
-0.2916405202622185,0.19125266373310026
-0.3915206331643774,-0.2961230093707348
-0.21520621476481847,-1.0341831816623144
0.5913131025738428,-0.279851793527598
-0.7744195074883133,0.8835699921254268
0.13857901285944932,0.8220804141642989
0.8108720545871728,-0.7452219489309174
2.0526983290902847,-0.1132458585269358
1.951071786507264,-0.37746234352703767
-0.2666961333607128,0.6810787608929579
-0.4322357355457251,0.8247607792956566
1.3665397163245956,-0.7785996665673448
-0.5773433103678682,0.3589905023262383
-0.1717862647963265,0.5904411346114125
-0.455172392584355,-1.1601740156624072
1.4542603997338734,-0.12931780121055764
-0.5232058650059018,-0.15925134167756105
1.587891573643685,-0.04542407015200889
1.1203118004588082,0.5767627343015352
-0.4222515887651896,0.9273133030450366
0.4939026943856103,-0.18731839903705674
0.46108989621031937,0.6116709969616327
0.456318019084332,2.38430726786329
2.8013939176132245,0.23385157990940453
0.054846083357301095,1.582156530278989
2.402589431346572,-0.12231911562755675
1.8666409645674265,0.3675593139637172
0.2556139460143547,0.8126680916509263
-0.6713835756954796,-0.35313562816712135
1.327372594730627,-0.14350956020170022
1.817924736553069,0.15477832356485124
0.830241242961485,0.5798706055088954
0.36652985255118303,-1.202513078858265
-0.17321065807584238,0.8986638915778193
0.3870789596238688,0.769671811119109
0.12250169020505142,0.5057592749076039
-0.642522129559585,1.635844862270204
2.1205927813523826,-0.23250912646448818
-0.1551587003418089,-1.268021800242953
0.20621046837136414,-0.09928526387578941
1.2027893781909063,0.032875681213122926
0.25676803493277034,0.2482152501414049
2.286833681888578,-0.003792834032905399
-0.00951455788322382,1.8944210538576716
1.852740978349948,-0.31999085300450214
0.3169165722863799,0.6658918413709729
-0.9660998608647523,-0.12775991238446907
-0.34767338745287496,0.3165499156057216
-0.9152253178013267,0.49941435654551336
-0.4148228978686213,1.058464444826811
-0.667539228016181,-0.4288712351531981
2.5875577804904513,-2.0570744290916596
0.08921082953347546,-0.4974222136499562
1.2241617065550465,0.4680951564418595
-0.09459059920011303,-0.2874599291161373
0.0342296680162562,-1.2510375713950657
-0.5913536763260363,2.331134565155023
0.17747252578886516,1.1770936397464664
-0.6083160543545757,1.5099015932998086
-0.01844699650139251,0.8227138468117586
1.0990741256873873,0.8369133153872186
1.0301051723768913,-0.1736490748160197
-0.11950370109198034,1.0988976333092881
-0.6016136137355739,0.7968712964703817
0.10361799345802218,0.3991306208481852
-0.5068061814926911,0.70551355835689
-0.733304166867797,0.600533135203344
0.27581297246064856,0.2600536394523679
1.7728496652429013,0.2843053415585546
0.47328705710329905,0.7617676946804974
1.2965602953522943,1.0345658280318222
1.3189217100289563,0.8716683746305932
-0.28379004768965005,-1.2105391079696572
1.0753620362611884,-0.23713141528223675
0.6486203284608716,1.1587228005054087
-0.5399629759098621,0.7444418234610747
1.2101648894240842,0.01104998582327999
2.272364500133538,2.094310794229919
-0.3880964425756379,-0.01718514331133313
0.6257308203758605,0.4806844570470686
-0.5647941741579166,1.4010237845306202
1.0423589212401825,-0.6846149174424859
-0.24714094385652996,-0.19652178456768446
-0.8433987085288247,-0.23121379845531226
0.5112764720689291,-0.15718916919578518
0.027248989378911896,-0.7790390405383998
1.9377543159957997,-0.39499150433481384
0.5963523732377967,0.29940165131333235
0.3412944718198243,0.5253940035679149
0.8984940373096874,0.6620138049592065
1.2344870223767557,-0.5301362854035978
-0.8286076981611636,-0.11913532255304912
0.027275210250680283,-1.5417337107824929
0.5602986898384557,-1.123210543119985
1.9722634609119942,0.018890872920601702
0.795685151343819,0.7988061997329832
0.3880816701137155,1.0525325452876337
1.784293154118344,-0.004191331945760066
-0.4873776686933835,-0.4861699486332531
0.9189470590352201,-1.3620608129168907
-0.4647352504418864,0.21264552712756482
0.01643709182346385,0.31798825580593937
1.0065797719358496,0.4746701874092979
-0.4432065739864528,0.29899793516968326
1.7604857173238437,-0.02752041491357896
0.5856040433746605,0.7712320143976288
0.3591567623935558,0.4241389652786451
1.1842957764895137,2.1353482434869258
-0.19680665037354664,-1.694986606155957
-0.6304301773641635,-0.6809292644015728
0.8406092198499743,0.10832471834487725
0.06847836568739313,1.6374847316268597
-0.29303792880315377,0.8021412669895912
0.9618707283274576,0.02965040272304291
-0.16681339241197668,1.5132161110026878
2.627492015822857,-0.2760622391532909
-0.029749147593655528,-0.6974652844311091
-0.27539090300023317,-0.9650312119886076
1.0207293354882159,-0.19580581174073353
1.7244965356028321,1.5255072395967275
-0.2436692354244994,-1.2885918673578427
2.0950539156536956,-0.8149573907737304
1.636263717436841,0.3982131970016377
0.0009093286117986722,0.42028489298095834
0.3179844473534589,0.06350826249311435
0.383730550403712,-0.11433836348409386
2.0409498550718452,0.41099110928450083
-0.33253509710223333,-0.04557655627338244
1.9931160362454325,-0.3424652470675516
1.482980930696233,0.6114129774368211
0.012133689299401363,2.3374258278665945
0.7698523506119257,-0.2326516193157073
-0.9537558733248992,0.6708509325816023
2.5381367467615554,-1.043068913157652
0.3714492504880844,1.7613672363338824
2.045729429605331,-0.13494860665756023
1.6239727296905113,0.16632055430432308
1.2883415132312044,-0.4558224886240566
0.7574248930401869,-0.12839259152989854
2.0127512889865553,-0.6111859410209456
-0.1932390546312986,-1.6393945678815784
-0.9982741792735969,0.055778794502086705
-0.18007335617538572,-0.5462295870329069
-0.37996174449818704,-1.6729903212684174
0.33667959489924654,0.2522144571056841
0.03381179242629853,-1.5902273563288116
-0.2543252341511266,0.07952266773133064
1.0394660846767338,0.6914787728878544
0.9901439174992459,-0.9766300392596037
-0.0047328921692948904,-1.8295552526987853
-0.2420748399029342,-0.33596992941114734
-0.831436091156162,0.8551914242647932
-0.4821593350542507,-0.8894791921838827
0.3861027844500138,1.657768332346965
-0.9758734690782066,-0.7941195941115202
0.19058727241350298,-0.5112000293023475
1.6796010358350657,0.1068443819538324
0.23356282593899633,-0.426908680270693
2.4630947622951744,0.12254233776829468
-0.2477610597009057,0.49787052934136433
0.7638649062958691,-0.6201560874132436
0.16171491303746174,-0.864511275469919
-0.598603097337861,-1.2749162731298767
-0.5288940638995582,0.6442064388888407
2.612740301070993,-0.10359979343394436
0.5163389737556723,-1.4687431025848956
-0.3665072528952333,-2.0817671380825926
-0.7047079369609774,0.346397638827897
1.7996073821162664,-0.982944532736794
-0.8767439775824214,-0.4919745665256164
-0.14682863635254925,0.7594589648409155
0.8971850526209401,-0.45217411045126094
-0.4828536110498159,-1.1374139112452377
-0.644980813512883,-1.960811202081003
1.0426042858195899,-1.2535554033204512
-0.6744278857453142,0.6187707296966193
0.4956488057291677,-0.27556226068309864
2.3064115413833917,0.3214457774516489
0.290934034045581,0.9860461213934298
0.03047314328316016,-1.498328598023702
0.3325671392187387,-0.09190106503109505
0.01613359810510316,1.424397473001225
-0.4694791956332955,-0.29385856582399333
0.35108546494995085,-0.8608601310980448
1.9191383752151931,-0.2214437572135287
2.442976358154225,-2.1244344924718557
-0.30664040191782027,0.5410247600750955
-0.4041847957682517,1.1914642389102121
0.10198104550484464,-0.3026337744751367
0.4595820248176786,0.6923870502990271
0.311633036709331,0.5387564721197455
-0.41203176987144724,1.2534266626908221
0.011202178001176108,-1.122656476260276
0.8722606059075627,0.6917007435477538
0.3272524311417327,-0.5697202739327428
0.16755898195987654,-0.11197962763385565
-0.2827823652113525,-0.4574461149809395
0.1087270070308833,0.1450670672168909
-0.49111933324106527,0.9861548003380651
1.0830652347995666,0.10534527399566661
0.10095318942479084,0.8174622156337105
0.2076987852011598,-0.29601227778507816
-0.09640252366419083,-1.6861901495954963
-0.10602600997282172,-0.28397102643991157
1.8277452842317856,0.2381174027516502
-0.7147382659835163,-0.4147097960763422
0.8603623734946595,0.830294418109014
-0.690808300047482,0.7247377447607309
0.2708269697640574,0.08796572584806198
-0.39028641173310125,0.5688579249414185
-0.2893408357421625,-1.7801904822990517
-0.8248773464085984,0.8730908804513333
-0.24759547336368026,-0.46299269220370404
0.03331637255467075,-0.5032060670251828
0.13161211358650524,2.0808787761866103
-0.0621511951084334,-1.0521889768851833
0.7696229149120688,-0.7212533723021778
1.350091308561824,0.31990469952524203
-0.4895228002557197,-1.580963971725341
0.3064505529407294,-0.7980630929975375
-0.40327807262319254,-1.6937748800007173
0.13280769794010583,-0.7523418619483023
1.4320925781977758,-2.188724979995258
0.15643777786795546,-0.9113967120126579
0.3079567720750355,0.49508866036721705
0.9038039310654739,-0.08221146819916246
2.0449481728012717,0.1591822999224076
1.1996013935418341,-1.201118761042901
1.927890995372101,0.37065544490296937
-0.07867787123646254,0.524161499183814
1.1540689764051721,0.06237297353816491
0.08967592663969301,0.416115963001903
1.7898825487556052,0.4110038104108234
-0.15215559576953364,-0.08071625211971949
-0.6744895812109761,0.27293830366089766
1.521254363634237,-0.1476790987695536
1.531553934313592,0.1724680667604599
1.7559465718304739,-0.02815910317119458
0.9136831077659213,-1.01258427705857
0.052449494239476445,-0.4094444908778374
-0.00391886798525742,-1.1681343533476973
-0.23237620844303203,-0.5999531352163344
0.4566580773447533,-0.4935764447002741
-0.27201831586360786,0.26237656546548227
1.1681929038326275,-2.4865813553707516
-0.1644048540633226,-0.21025729023507014
-0.8097508178131392,0.5637827385734779
-0.17126097833226686,-0.7056437062559302
0.6394559832245141,-1.411396548713743
0.2002117926927148,-0.6714488593963261
-0.395128807970984,0.6432813412074302
-0.9619780255862337,-0.7749174349831919
0.41085988907408777,0.17348399622052763
0.39225707187572467,0.08822546611257348
-0.05961925581788069,0.6191305796227456
-0.8005581188845364,-1.27369425010692
-0.17167754361765591,1.1926811649342284
0.577342363240233,-2.696563906778813
-0.0991446211375739,-1.7870621791148402
1.7075175057958571,2.1120075604278457
1.6380995603906368,0.9826751625503712
0.10367125683914295,1.1292169005012194
2.370557394336007,0.5938877919133643
-0.13252502335089136,0.9214367558027662
0.2454016118389514,-1.7066676634486135
-0.37489874433195935,1.1898646609159702
0.1907721071002256,2.1919516530595216
0.1527997821478766,-0.7134980912856743
1.2489165281418901,-1.2074709524214795
-0.18683983252630842,0.2934889326621115
1.1783974475711594,-0.6442075113133564
1.1471545077863021,-0.9130445643924084
-0.8622838501665652,-1.011594345879695
-0.04790095657767059,-0.5097413388976083
1.7435657238176023,-0.4718086366107153
-0.2952746882156238,0.936489441708116
-0.2844499948809557,0.29077280751152773
-0.3409398374217563,-0.17618081071564679
0.06108672765418356,-0.7458284687615743
2.1679962206883436,1.5860816300383798
0.6255216617364397,0.8088024309485355
-0.5883221203415637,0.5613044586299217
0.7477029426474332,-1.6131964728186066
0.6976944287767718,0.720770768805262
0.33058542534388224,1.195497908106698
0.36987951390027524,-0.3809577824450115
1.7625951107512756,-0.2543384775922952
0.5324161025386828,2.0899552104914636
0.4604764920047591,1.3236049819418287
1.4446255372206738,1.3732448268136597
0.21709145389580856,0.16258887545553224
1.203286131543899,0.8565653633406896
3.1446307485853295,2.385148775671839
1.0831898371060347,-0.13905290367392642
-0.2542583604318286,-0.5456816001229672
0.6508913540621988,0.9142541388052411
2.1848776621649844,-0.025575959591195494
-0.2795166615945206,1.316548882774773
0.2586190028237433,-1.1030028716078484
2.053065616806164,0.3189286687490702
-0.11456325032846948,0.4694139984927793
-0.17408276339928633,-0.09395972528843745
0.05378082261172941,0.8050516829512271
1.667028107679551,0.15666355157817652
-0.17122128943546425,0.16182954617831147
1.1239342741863438,1.1431718621050952
0.9238803244815611,-0.8978419123706938
-0.9681690597905389,-0.4155807579472067
0.9768921549500615,-0.32864715480641116
2.2338926816860485,-0.12526832862237153
-0.14656791886384496,-0.6150933388759248
-0.09294571172510828,-2.6121121173871167
-0.1742436596841521,1.038603905036904
1.1288524300267708,0.0006606190567342868
0.571414897256926,0.043498861723590014
1.8251251443540137,1.206865060134568
2.047672009764381,-0.4226378263876557
0.03454724830409448,-0.13504907953944353
0.6844613349749842,-1.042876893187064
-0.02375721500232825,-0.2590721774395505
1.6364067884705977,-0.042636618168196146
-0.9862706583988229,1.232646032275835
-0.14073577123144002,-1.045817236458499
-0.5124990603317526,-0.513189632882884
0.4519300606728916,1.203699618136966
-0.26335019188142333,-0.24144931097156724
2.376672924850726,0.21934786075059004
1.0284393015833277,-1.442320316838125
1.1146380644839804,0.6361040121864376
2.2164636879033592,-0.26241099750694247
2.7082381901606367,0.26940647208522295
1.9816012515767083,-0.30061118799831077
-0.19468411297127575,-0.24618487618626259
2.2674372653715125,-0.5325098211850813
1.6066055446251322,0.09560866621012154
1.5287878073256151,0.38598541650205165
0.01577126518538761,1.295625479084381
0.17562985476803253,-0.27484445441789146
1.413377127735771,0.12592521371673926
0.360215107408266,-0.5365913179951564
-0.6536876291644197,-1.9572391863664458
0.3479915385276707,-1.108375762038602
-0.7170062592923861,-0.5373401845040534
0.7249257970318985,-0.3326585375372467
-0.29473597234188353,-1.77320184430636
1.6567679794718075,-1.6051118152218022
0.07127285651756834,-0.7225625782679542
0.16421213335575266,0.23593219693384992
-0.07960796813677236,-1.038350277487793
-0.6596743644307872,0.758524153192637
-0.9954933487038086,0.5395613495739328
-0.3390563430077899,-0.5570227150118723
-0.5565848581996387,-0.18038551439615186
-0.7776266687226013,0.3674584716346436
-0.4050188005486127,0.9363006654253987
-0.16321298842899803,-0.27860466623216
-0.9142259445536817,-2.0939173628896324
1.7954115779470348,0.1817791420503384
-0.1795704027258854,0.48424970670359085
-0.181967852542732,-0.7101627454716173
0.13844310193900627,-0.7400330034904946
0.45302584658887163,0.5547302050058713
-0.6483956061330988,-0.46103671785316486
3.904334209696107,-1.1638467810521749
0.48203415461666016,-0.7617404573894759
-0.32431778431211233,1.4556381889666488
0.5264277592377465,0.10991727803878908
2.025503664660488,0.008398453389372664
-0.6588845417474097,0.03933915128088244
0.004629357364170265,-1.4109824360410805
0.1502123384553357,2.1011450563868217
-0.4510585486817716,-1.530707339639777
0.2206595615574271,0.7689746360085862
0.09048053188000342,-0.026464379307050003
1.197012187276438,1.2953183340951375
1.1330900361845995,-0.10352411748778391
0.2705686170758479,0.6482556375793512
-0.5890567184734429,0.6866407389568339
-0.06587632838925574,1.276245302416799
1.0341210586890444,-0.8734085627903699
-0.35024125812152485,-1.182845920555904
0.09823305103428015,0.15114980460706295
0.6416893399228359,0.08861535006980113
-0.9771631657435668,1.1602012093697691
-0.641394696727741,-0.7991974737566813
-0.5091233120367025,0.05021834366924817
0.8329432104415023,0.9707692782071823
1.8676734011291543,0.18334654042481713
1.4886125604040763,0.5155694885559684
0.9939787538210091,-1.3400273952571677
-0.36189398370481934,-1.0505557344485352
0.8959681753528627,1.3207345558685808
0.07600445979663055,2.468031867058748
1.4754606851012964,-0.474769813343238
1.5563883212148386,-0.4604084563561489
1.7997311226378838,0.6721636154062672
-0.36484203111735214,-0.9674769311036895
-0.6349883242770742,-0.5426506609895896
0.7101923140405955,1.6418713856306728
-0.8496797637149855,0.06499966448564422
1.1107643770051145,0.668117756644187
0.5591168191098308,-0.1507163381143928
-0.4712100692161229,0.3131440553253966
-0.17241248435797923,1.3362320750114831
-0.3812757358233194,0.851331085316127
-0.5128616987735118,-0.2958495083699849
0.24996758278352893,-1.6637182960589487
1.8233667929943755,0.6240245170864721
1.3042244730925228,0.0626329740701272
-0.6717740575646901,-0.21755064811954206
0.2914093946496453,-0.9286980748523683
1.1256501261331455,0.8556727526604322
-0.4519221700264531,-0.016300188870426426
-0.14826626123613199,-1.5069338739918587
0.12446731320908243,0.029311851486783617
2.0002809545307327,-0.277042543292081
1.356942209871742,0.05883608474963955
0.24711821349475807,0.9267954417312642
1.9004464334223827,-0.2422319564461221
0.22440492328357248,-1.2633752638839408
0.9549397808818361,-0.5487069194518569
-0.7916936075016187,-0.3335764671489449
1.4941831136550419,1.7414836420800532
1.1040205330403743,0.6147229133402159
0.3355563707079037,0.11599148045167043
0.11519114773336865,0.36775894504504386
2.004986923780942,-0.42607397320511636
1.128227933711038,0.36845511726655356
0.14820511711724313,-0.8035426279270247
0.3208359693801816,-1.244825500779334
-0.25349582063569154,0.7784306090260069
1.8742439617382844,0.26557589673653925
-0.045448134896022216,-1.881667311167044
-0.03347028330602641,-1.3134431616428732
0.12581429301805966,0.80462047069234
-0.001112115110302314,-0.00014594803139010972
-0.302272185664291,-0.6682312314095542
0.6548104438485219,0.2939288795784769
0.6912925756225023,-1.085486341301531
0.13135287181513403,-0.9817601594967486
1.7514383691160251,2.897605796443077
0.20511593960004312,-0.27010415215265804
0.7205868434594549,0.12980799949757021
0.264487112523914,0.7207641630840625
1.4176194738718313,-0.42113073914951726
0.14286723398047227,0.838957733198058
0.010105614686356436,-0.01885731915741742
0.12688839430684942,-0.6745064132488017
-0.03648161329597669,-0.7803456249900801
1.5750197386091147,-0.3541651262333347
0.8156068793170853,0.5764579349069981
-0.44207753248611575,1.2115516708198784
1.1810307547681251,-1.0422718622937959
0.5043337554130262,0.5595386211703325
0.8411389028928263,-0.17711849480187336
1.4606139865060295,-0.9490139918974593
1.8577811104671773,-0.9967412852055573
1.5552828631053373,0.13470344482923136
-0.956767330905314,0.08332438429224925
1.1414784253362722,-0.4199446023970488
-0.23716616345180824,-0.816497609797322
2.737943912993927,0.23836791574003452
-0.061399774513087625,-0.10593943680859824
1.418736755920711,1.232680822225128
2.1015071226649726,0.23283818093198813
0.005917684896700551,1.8737783188035224
-0.17116171826041482,-0.3893358488737927
2.1095920345481054,-0.07032095167813418
0.4044482735980707,-0.4202024108674639
-0.41749243173610984,-2.215109238826963
0.4223512629952909,-0.18280302598275178
1.2968201014020222,-0.9869313867979778
1.0368335427517879,1.7026241291425945
0.33790426303825427,-0.1472513714614082
1.0643057057245973,1.5001360399017933
-0.09401549763990388,0.060218188964204486
-0.3491503081000661,0.19081618878266696
0.8056189321911719,0.02363651795756471
-0.05556990568384877,0.2403294825602042
0.42100449555230646,-0.09275136051298044
0.3997123547757669,-0.7259235977514423
-0.7248626654283271,0.5448025822092415
1.6925422478721615,0.16795519952243973
-0.46244562101194425,-1.6040462320082107
1.5395441937104026,0.5840427047089752
0.23408380785235752,1.2646288173148237
1.7383300361408172,0.24352649765137557
0.5502961449489453,-0.3612350502969018
1.783503473033395,0.2356630234442922
-0.7489765085792606,-0.090463471954988
2.295334647333393,-0.06166232852272682
0.8989821753819681,-0.6226177489543728
0.6674131567793803,0.1260944844558738
0.33358142520378614,-2.5815126815691336
-0.38894437284903227,0.19261470234770595
0.5488220533039794,2.373197371361978
0.018752159468564584,1.1318992984761185
1.9277333287420018,-0.5650851053718792
1.9469208079503855,0.17136204203885858
0.22319750419318077,0.550681440058765
1.7419607142063136,0.26159799989882787
-0.803633244443448,-1.3856081662141322
0.7396658165851567,-0.38802935230051055
0.648933004201338,-0.1426969642808049
2.054065485037211,-0.05670138172882577
-0.2131251483644454,0.4267074104800208
-0.5321544740493914,1.234195839728553
0.6515431481827385,1.0275956157082862
0.6479738887900031,1.3677932081361501
0.07871687436836064,-0.6471368225155076
-0.8404465680307732,-0.18497713176191274
1.7034178364972423,-1.836807760637428
-0.08179135283282164,1.1654995777875325
1.0856170372301064,-0.3379375368536066
1.287546633716012,-0.12353099377856162
0.319820331679834,0.6443266897783856
1.382572765760242,0.15350358528153268
0.6625272555910722,-0.04160192586867301
0.42852417562470135,-1.4815357008690258
-0.2698035247467724,0.6169300802789959
0.7094981274512687,0.3397567443791902
0.8608118864142263,1.8950340664728509
0.7243717145652263,0.09919711859465372
-0.26606991281058634,0.06750470659228655
-0.10472314831617174,1.763565824296913
0.4305282921368371,-2.4547050468828626
-0.8035016663513597,-0.6711893355064621
0.2785771326810237,0.24587749679203857
1.762383006429457,0.7432854098904127
1.1549033599737477,-1.0905627598397443
-0.9263684377716132,-0.7310441700733907
0.07819922896953814,-1.8982632989229082
1.5733962615657444,-0.14658821432925773
1.2089811826056938,-0.8609688278669183
0.851051145832193,0.7165619280029428
-0.25934450341894444,-1.593989574841972
2.133389765809346,0.9949424220530118
0.7782862575144631,1.4385596002355054
0.9772210798084084,0.8057992471836056
1.8218973815059192,-0.33885149011655524
-0.5786588690941296,-0.8573731036456885
1.392294012339714,0.6059008366225972
-0.6601454481817844,0.9230653225930955
0.45655279038539,0.6852825919670592
1.0487638412034632,-0.005436923457858045
-0.3810488133797524,1.242532631826482
0.9422711454624465,-1.4684731638622384
1.4090164289358835,0.5874571806688066
0.8638951889119653,0.7884145880288542
-0.0940218843486493,-0.5286305623025184
0.5111038053519728,1.7693816679209022
-0.5159498462490366,1.4298755369815186
-0.3049542630725545,-0.2978450929262944
1.760648430312512,-0.18495657954978262
0.7062468109048977,0.3780555315878678
-0.8746442438786267,-1.0884468123648439
0.6061172850650048,1.1858704548495278
0.7090064249118414,-1.6485229191253017
-0.9557717802581919,0.23061626765522297
-0.6441363657010286,0.9126490485249902
1.917566164558565,-0.45387491341473735
1.892437468355788,-0.352665428096689
-0.6015195719560414,0.308603046488117
1.0437389287899517,1.0344259949207693
2.2696191804610546,0.3144023095009659
0.46250380359820414,1.55719863255106
-0.37095975595686775,-0.915235376084418
2.1209941486517847,0.11171481788549571
-0.7551477131633059,0.9940065272820899
2.5262112550466047,0.0009219596234378243
1.6801844428835642,-0.15133889107066853
-0.5860707385466104,-1.3060431419885012
-0.24155712350928213,-0.3905665810487453
0.8733907968574851,-0.9023411437461296
1.8993789685224116,0.08770214637031772
0.14597526135063918,-0.651050495525112
1.5270567536435253,-0.08018737472018454
0.6866157561049412,0.9148903435401098
0.5329944137611823,0.46576246060785265
-0.0907238725565406,0.09085362428687216
1.5051080346477743,1.2097963587690934
-0.04744998351091611,-0.5304442330193603
-0.18557139393941133,-1.4706823800637354
-0.9671907791701521,-0.09050935996247736
-0.3943172516817677,2.0772211632221467
1.7928802420195735,-0.20662927976040238
0.6376371312243618,-2.4974547449235405
-0.4454078571837736,-1.3164102766448644
1.6655837177547674,-2.01135526872744
-0.19145590640609303,-0.4089581479414861
-0.9757787195136213,1.312954562832425
-0.7310996439207842,-1.473352181182489
0.057372020991788925,-1.3506240156609364
-0.770650205558137,-1.2720615575428966
0.296658052508699,-1.766087513400359
-0.09241729951427356,-1.2972921415883725
-0.641650160896153,-0.982391873778838
1.1257751883271163,-1.3266232143487298
2.6629645609359307,0.0411663057632807
-0.28021760219360664,-1.2757891309096367
0.904383151803895,-1.8032567956779375
0.3825934009704116,-0.4314440723639655
-0.44922962839155156,-0.537114633990055
2.269096617530677,0.11699267051775518
0.14258789673667646,0.42125242080091607
-0.8109081651417778,0.05145800225168362
1.325602412233846,1.2967415551639907
-0.06660131259997754,-1.846039812930529
-0.4258087077572931,-0.39741322587457445
0.8535527003592878,-0.9216197532822815
1.502471167061331,0.9746649309143404
0.4952326034874103,-0.5775993576879416
-0.0749806162317566,-0.7218352032571355
0.06652678053054242,0.8140810339475665
1.2279040223783644,0.40106361783796973
-0.390831852759226,0.2883585689712036
0.4018719678023923,-0.09557770299208847
0.7596126432914219,-0.5186010301336399
0.19359601750592106,-2.1686919634963795
2.1106428570464564,0.22229147028486249
-0.12713811630118046,0.6357594443576776
-0.5971498191235943,1.1156572410366223
-0.17717879280897403,-0.8956341864700719
2.429581817285225,-0.37857288301023545
1.3797959862377676,-0.21221675713614577
-0.3881589905579949,0.5875231461175772
1.1543444584967546,0.28078440687177025
0.1778783244113806,-1.6728613291664134
1.137028046064148,0.43877985704199385
2.3577918821901696,-0.2675385831829757
0.23707100852013224,-0.42279804102325835
1.6509134205505185,-0.17603612753618783
0.33901832190917475,-0.548561592961356
-0.5231851573470531,-0.5533330016037832
0.2669037461943682,0.7755081382348784
-0.653156037464139,-2.361686203802147
0.056687287160017356,0.6654135800987548
0.14870269864880936,-0.37652434276530417
-0.5705799233711336,-1.5327323299400109
1.061591377011725,-1.3918084556670063
0.7390525078734798,-0.1474472497077989
2.267644482122311,0.1782412956477162
0.35095226575115257,0.22330870393639338
0.5180204811878175,-0.7369092087392664
2.589711916560489,-0.04482677068838876
-0.23237109000668751,-0.7328969769016771
0.8250579197219341,0.2268061415701543
1.8218219176205614,-0.3853973106371089
0.3697205148927658,-0.30874475975203447
1.899122754900092,0.27798518037747144
-0.34342038458188473,-2.4655516449621713
0.27803497394726545,-0.43062018305240785
0.801918308604069,-1.3371130302545409
1.7458791983574384,1.5896069465311125
-0.5007156293434742,0.22356497687923213
0.8001110634786814,-0.9221594296505033
0.6455754685590894,-0.521079916871456
1.241491999350245,0.22424763216071958
-0.039613373262375504,0.8004676512205323
0.7857592077816723,-0.7839704511164411
0.09541767158215465,-0.723822666970425
0.4641681566379683,-1.8810570264077107
-0.7764644951238744,0.9442458812685783
-0.7111051140725883,0.9021166871953628
0.6948564271092756,0.05091659036431232
-0.1292209190879652,-0.13755502374311804
0.239050236572107,0.6121447038993172
0.01554235688926959,0.7309556073194748
-0.2805655458774768,1.1904280194030508
2.3737052102320155,-0.015438324260959285
-0.10557635579490379,0.6101760060619518
0.11533283132041887,-0.8958948793353346
0.8252013367404231,-1.6079505152950653
0.4062586137703789,0.7500287936461985
0.9252286715510062,2.3927598192780803
1.7013973744254498,-0.14197515373821018
0.955038596153854,0.6152322990985629
0.1343624477384868,1.1777254234596546
1.0038734709591743,0.38659969778874076
1.6209115013631756,-1.4348449638775196
0.7568202103315528,2.0299278015080264
2.1147241019093985,-1.6451166566895836
-0.24592588933381815,1.5361063794249832
-0.9993441807282002,-0.9824808571921531
1.514583155016301,-0.9472292878373236
0.5969356241695296,-1.6861964877640192
-0.409659621248484,-0.4090858889381696
-0.29959357515575985,-0.041705768108496
2.075065125524116,0.17530240419980295
2.2059147514250896,-0.47174400968397956
2.233450519150377,0.005518687537764739
2.377099439361255,-0.28303759577176685
0.16842782456455044,-0.840483012051201
2.0911972513747994,-0.6156037659659117
-0.5955376250849798,0.3066865124901112
1.1997120472989116,-2.101939173778521
-0.4793863153587414,-0.2821566137927904
